id,title,date
Abrege_de_LEvangile,Abrégé de l'Evangile,1884
Amour_de_la_patrie,Amour de la patrie,1841
Carthago_delenda_est_1896,Carthago delenda est (1896),1896
Carthago_delenda_est_1898,Carthago delenda est (1898),1898
Carthago_delenda_est_1889,Carthago delenda est [1889],1889
Fiat_lux_Stihotvorenie_E_Krosbi_Perevod_s_anglijskogo,Fiat lux.  (Да будет свет),1907
Le_non_agir,Le non agir,1893
Le_present_le_passe_et_le_futur,"Le présent, le passé et le futur",1841
Letter_to_a_Hindoo,Letter to a Hindoo,
Notes_sur_le_second_chapitre_des_Caracteres_de_la_Bruyere,Notes sur le second chapitre des caractères de la Bruyère,1847
The_hostelry_Gostinitsa,The hostelry (Гостиница),1908
Otryvok_razgovora_dvuh_dam,«Верно ли это? У нас ведь любят…»,1851
Davno_pozabyl_ja_o_schaste,«Давно позабыл я о счастьи…»,1852
Ezheli_by_chelovek_ne_zhelal,«Ежели бы человек не желал…»,1847
Zhil_v_sele_chelovek_pravednyj,«Жил в селе человек праведный...»,1886
Znanie_muzyki_subektivnoe_i_obektivnoe_Tri_otryvka_o_muzyke_,«Знание музыки - субъективное и объективное…»,1850
Kogda_zhe_kogda_nakonets_perestanu,"«Когда же, когда наконец перестану…»",1854
Ob_istinnoj_zhizni_Lva_Tolstogo,«Об истинной жизни» Льва Толстого,1890
On_ne_mog_ni_uehat_ni_ostavatsja_Otryvok_bez_zaglavija_,"«Он не мог ни уехать, ни оставаться...»",1858
S_teh_por_kak_ja_pomnju_svoju_zhizn,"«С тех пор, как я помню свою жизнь…»",1847
Ej_Marjana_bros_rabotu,"«Эй, Марьяна, брось работу!..»",1853
Alesha_Gorshok,Алеша Горшок,1905
Albert,Альберт,
Anekdot_o_zastenchivom_molodom_cheloveke_Byl_odin_molodoj_chelovek,Анекдот о застенчивом молодом человеке,1869
Anna_Karenina,Анна Каренина,1878
Assirijskij_tsar_Assarhadon,Ассирийский царь Ассархадон,1903
Aforizmy_k_svoim_portretam,Афоризмы к своим портретам,1908
Bednye_ljudi_Po_Viktoru_Gjugo,Бедные люди,1907
Beseda_dosuzhih_ljudej_Prolog_k_povesti_Hodite_v_svete,Беседа досужих людей,1887
Besedy_s_detmi_po_nravstvennym_voprosam,Беседа с детьми по нравственным вопросам,1907
Bessmyslennye_mechtanija,Бессмысленные мечтания,1895
Biograficheskaja_zametka_o_Sh_de_Monteske,Биографическая заметка о Ш. де Монтескье,1907
Biograficheskij_ocherk_L_de_Klade_Vovenarga,Биографический очерк Л. де Клапье Вовенарга,1907
Biograficheskij_ocherk_F_Laroshfuko,Биографический очерк Ларошфуко,1907
Blago_ljubvi,Благо любви,1908
Blago_tolko_dlja_vseh,Благо только для всех,1887
Blagodarnaja_pochva,Благодарная почва,1910
Bogu_ili_mammone,Богу или маммоне?,1896
Bozheskoe_i_chelovecheskoe,Божеское и человеческое,
V_nekotorom_tsarstve_nekotorom_gosudarstve,В некотором царстве,1887
V_chem_glavnaja_zadacha_uchitelja,В чем главная задача учителя,1909
V_chem_moja_vera,В чем моя вера?,1884
Velikij_greh,Великий грех,1905
Verte_sebe,Верьте себе,
Vechernie_povesti_M_Glavitina,Вечерние повести М. Главитина,1880
Vlast_tmy_ili_Kogotok_uvjaz_vsej_ptichke_propast,"Власть тьмы, или Коготок увяз, всей птичке пропасть",1886
Vozzvanie_25_maja_1889_Nelzja_medlit_i_otkladyvat,Воззвание,1889
Vozzvanie_Ja_prozhil_bolee_50_let,Воззвание,1897
Vojna_i_mir,Война и мир,1869
Volk,Волк,1908
Voskresenie,Воскресение,1899
Vospitanie_i_obrazovanie,Воспитание и образование,1862
Vospominanija,Воспоминания,
Vospominanija_o_N_Ja_Grote,Воспоминания о Н. Я. Гроте,1910
Vospominanija_o_sude_nad_soldatom,Воспоминания о суде над солдатом,1908
Vrazhe_lepko_a_bozhe_krepko,"Вражье лепко, а божье крепко",1885
Vremennaja_metoda_dlja_izuchenija_muzyki_Tri_otryvka_o_muzyke,Временная метода для изучения музыки,1850
Vremja_prishlo_Zhizn_moja_nakorotke,Время пришло,1908
Vsem_ravno,Всем равно,1910
Vstavki_i_zamechanija_k_rukopisi_Biografii_L_N_Tolstogo_Birjukova,"Вставки и замечания к рукописи «Биографии Л. Н. Толстого», составленной П. И. Бирюковым (1904)",1904
Vstuplenie_Mne_kazhetsja_chto_vo_vremja_moih_zanjatij,"Вступление. «Мне кажется, что во время моих занятий...»",1861
Vyderzhka_iz_chastnogo_pisma_po_povodu_vozrazhenij_na_statju_Zhenschinam,Выдержка из частного письма по поводу возражений на статью «Женщинам»,1886
G_S_Skovoroda,Г. С. Сковорода,1907
Gde_vyhod,Где выход?,1900
Gde_ljubov_tam_i_bog,"Где любовь, там и бог",1885
Golod_ili_ne_golod,Голод или не голод?,1898
Grecheskij_uchitel_Sokrat,Греческий учитель Сократ,1885
Dva_brata_i_zoloto,Два брата и золото,1885
Dva_gusara,Два гусара,1856
Dva_putnika_Dva_cheloveka_s_kotomkami_na_plechah,Два путника,
Dva_starika,Два старика,1885
Dve_vojny,Две войны,1898
Dve_razlichnye_versii_istorii_ulja_s_lubochnoj_kryshkoj,Две различные версии истории улья с лубочной крышкой,1888
Dvorjanskoe_semejstvo,Дворянское семейство,1856
Devchonki_umnee_starikov,Девчонки умнее стариков,1885
Dejstvitelnoe_sredstvo,Действительное средство,1910
Dekabristy,Декабристы,
Detskaja_molitva,Детская молитва,1909
Detskaja_mudrost,Детская мудрость,
Detskie_zabavy,Детские забавы,1834
Detstvo,Детство,1852
Dlja_dushi_Izrechenija_myslitelej_raznyh_stran_i_raznyh_vekov,Для души. Изречения мыслителей разных стран и разных веков,1909
Dlja_chego_ljudi_odurmanivajutsja,Для чего люди одурманиваются?,1890
Dlja_chego_pishut_ljudi,Для чего пишут люди,1851
Dnevnik_jasnopoljanskoj_shkoly,Дневник Ясно-полянской школы,1862
Dnevnik_pomeschika,Дневник помещика,1856
Dobavlenie_k_dokladu_na_kongresse_mira,Добавление к докладу на конгрессе мира,1910
Doklad_prigotovlennyj_dlja_kongressa_mira_v_Stokgolme,"Доклад, приготовленный для конгресса мира в Стокгольме",1909
Dokladnaja_zapiska_kn_M_D_Gorchakovu,Докладная записка кн. М. Д. Горчакову,1855
Dokladnaja_zapiska_tovarischu_Ministra_vnutrennih_del_A_I_Levshinu,Докладная записка товарищу Министра Внутренних Дел А. И. Левшину,1856
Donesenie_o_poslednej_bombardirovke_i_vzjatii_Sevastopolja_sojuznymi_vojskami,Донесение о последней бомбардировке и взятии Севастополя союзными войсками,1855
Dorogo_stoit,Дорого стоит,1890
Dramaticheskaja_obrabotka_legendy_ob_Aggee,Драматическая обработка легенды об Аггее,1886
Djavol,Дьявол,
Djadinka_Zhdanov_i_kavaler_Chernov,Дяденька Жданов и кавалер Чернов,1854
Djadjushkino_blagoslovenie,Дядюшкино благословление,1856
Edinaja_zapoved,Единая заповедь,1909
Edinoe_na_potrebu,Единое на потребу,1905
Edinstvennoe_vozmozhnoe_reshenie_zemelnogo_voprosa,Единственное возможное разрешение земельного вопроса,1906
Edinstvennoe_sredstvo,Единственное средство,1901
Esche_o_nauke,Еще о науке,1909
Zhivoj_trup,Живой труп,1900
Zhitie_i_stradanie_muchenika_Justina_filosofa,Житие и страдание мученика Юстина философа,
Zakljuchenie_k_poslednemu_otchetu_o_pomoschi_golodajuschim,Заключение к последнему отчету о помощи голодающим,1893
Zakon_nasilija_i_zakon_ljubvi,Закон насилия и закон любви,1908
Zametka_k_vozzvaniju_I_M_Tregubova,Заметка к воззванию И. М. Трегубова,1906
Zametka_o_tulskoj_politsii,Заметка о Тульской полиции,1865
Zametka_o_fermerstve,Заметка о фермерстве,1856
Zametka_po_povodu_voennogo_zhurnala,Заметка по поводу военного журнала,1854
Zametki_dlja_proiznesenija_v_fonograf,Заметки для произнесения в фонограф,1909
Zametki_k_voprosu_o_porjadke_i_uslovijah_osvobozhdenija_krestjan,Заметки к вопросу о порядке и условиях освобождения,1856
Zametki_k_romanu_o_russkih_bogatyrjah,Заметки к роману о русских богатырях,1870
Zametki_ob_anglijskih_uchebnyh_knigah_dlja_shkol,Заметки об английских учебных книгах для школ,1861
Zapisi_P_I_Birjukova_so_slov_L_N_Tolstogo,Записи П. И. Бирюкова со слов Толстого,1905
Zapiska_o_dvorjanstve,Записка о дворянстве,1858
Zapiska_ob_otritsatelnyh_storonah_russkogo_soldata_i_ofitsera,Записка об отрицательных сторонах русского солдата и офицера,1854
Zapiski_markera,Записки маркера,1855
Zapiski_muzha,Записки мужа,1857
Zapiski_o_Kavkaze_Poezdka_v_Mamakaj_Jurt,Записки о Кавказе. Поездка в Мамакай-Юрт,1852
Zapiski_sumasshedshego,Записки сумасшедшего,1887
Zapiski_hristianina,Записки христианина,1881
Zarazhennoe_semejstvo,Зараженное семейство,1864
Zachem_ja_zhivu,Зачем я живу?,1895
Zajavlenie_ob_areste_Guseva,Заявление об аресте Гусева,1909
Zelenaja_palochka,Зеленая палочка,1905
Zerno_s_kurinoe_jajtso,Зерно с куриное яйцо,1885
I_svet_vo_tme_svetit,И свет во тьме светит,
Idillija,Идиллия,1862
Ieromonah_Iliodor,Иеромонах Илиодор,1909
Iz_kavkazskih_vospominanij_Razzhalovannyj,Из кавказских воспоминаний. Разжалованный,1856
Iz_uchenicheskoj_tetradi_1835_g_Detskie_zabavy,Из ученической тетради 1835 г.,1835
Izbrannye_aforizmy_i_maksimy_Vovenarga,Избранные афоризмы и максимы Вовенарга,1907
Izbrannye_aforizmy_i_maksimy_Laroshfuko,Избранные афоризмы и максимы Ларошфуко,1907
Izbrannye_mysli_Labrjujera,Избранные мысли Лабрюйера,1907
Izbrannye_mysli_Monteske,Избранные мысли Монтескье,1907
Izrechenija_Lao_Tze,Изречения Лао-Тзе,1909
Izrechenija_Magometa_ne_voshedshie_v_Koran,"Изречения Магомета, не вошедшие в Коран",1909
Izrechenija_zapisannye_na_grammofonnye_plastinki,"Изречения, записанные на граммофонные пластинки",1909
Izrechenija_Ugozhdaj_ljudjam,Изречения,1910
Iljas,Ильяс,1885
Iskushenie_gospoda_nashego_Iisusa_Hrista,Искушение Господа нашего Иисуса Христа,1885
Ispoved,Исповедь,1882
Issledovanie_dogmaticheskogo_bogoslovija,Исследование догматического богословия,1884
Istinnaja_svoboda,Истинная свобода,1907
Istorija_vcherashnego_dnja,История вчерашнего дня,1851
K_duhovenstvu,К духовенству,1902
K_zapadne,К западне,1852
K_italjantsam_Sluchilos_uzhasnoe_sobytie,К итальянцам.,1896
K_kartine_Ge_Tajnaja_vecherja,К картине Ге («Тайная вечеря»),1886
K_molodym_ljudjam,К молодым людям,1888
K_molodym_ljudjam_zhivuschim_nerabochej_zhiznju,"К молодым людям, живущим нерабочею жизнью",1901
K_politicheskim_dejateljam,К политическим деятелям,1903
K_publike,К публике,1862
K_rabochemu_narodu,К рабочему народу,1902
Kazaki,Казаки,1862
Kak_i_zachem_zhit,Как и зачем жить?,1905
Kak_osvoboditsja_rabochemu_narodu,Как освободиться рабочему народу?,1905
Kak_umirajut_russkie_soldaty_Trevoga,Как умирают русские солдаты. (Тревога),
Kak_chertenok_krajushku_vykupal,Как чертенок краюшку выкупал,1886
Kak_chitat_Evangelie_i_v_chem_ego_suschnost,Как читать евангелие и в чем его сущность?,1896
Kalendar_s_poslovitsami_na_1887_g,Календарь с пословицами на 1887 год,1886
Karma,Карма,1894
Kajuschijsja_greshnik,Кающийся грешник,1885
Kitajskaja_mudrost,Китайская мудрость,1884
Knjaz_Fedor_Schetinin,Князь Федор Щетинин,
Komedija_v_treh_dejstvijah_Nigilist,Комедия в 3-х действиях. Нигилист,1866
Komu_u_kogo_uchitsja_pisat_krestjanskim_rebjatam_u_nas_ili_nam_u_krestjanskih_rebjat,"Кому у кого учиться писать, крестьянским ребятам у нас, или нам у крестьянских ребят",1862
Konets_veka,Конец века,1905
Koren_zla,Корень зла,1898
Kratkoe_izlozhenie_Evangelija,Краткое изложение Евангелия,
Krejtserova_sonata,Крейцерова соната,
Krestnik,Крестник,1886
Kto_prav,Кто прав?,1891
Kto_ubijtsy_Pavel_Kudrjash,Кто убийцы? Павел Кудряш,
Leto_v_derevne,Лето в деревне,1858
Ljubite_drug_druga,Любите друг друга,1907
Iz_zapisok_knjazja_D_Nehljudova_Ljutsern,Люцерн,1857
Mat,Мать,1891
Metel,Метель,1855
Miloj_tetinke,Милой тетеньке,1840
Mitasha,Миташа,1886
Mnogo_li_cheloveku_zemli_nuzhno,Много ли человеку земли нужно,1885
Molitva_vnuchke_Sonechke,Молитва внучке Сонечке,1909
Molitva_Hochetsja_pomoschi_ot_boga,Молитва,1909
Molitva_Ne_znaju_dozhivu_li_do_zavtrashnego_dnja,Молитва,1909
Molitva_Esli_ja_v_ljubvi,Молитва,1909
Molitva_Po_utram_Pomnju_chto_bog,Молитва,1909
Moskovskie_progulki,Московские прогулки,1881
Moja_zhizn,Моя жизнь,1878
Mudraja_devitsa,Мудрая девица,1887
Mysli_mudryh_ljudej_na_kazhdyj_den,Мысли мудрых людей на каждый день.,1903
Na_kazhdyj_den,На каждый день,1910
Nabeg,Набег. Рассказ волонтера,1852
Nagornaja_propoved,Нагорная проповедь,1885
Nauka_i_iskusstvo,Наука и искусство,
Nachalo_neizvestnoj_skazki_V_nekotorom_tsarstve_v_nekotorom_gosudarstve,Начало неизвестной сказки,
Nachalo_neokonchennogo_rasskaza_Prezhde_vseh_v_sele_uznali_u_Kopyla,Начало неоконченного рассказа.,1860
Nachalo_neokonchennoj_pesy_Voskresene_pered_maslenitsej,Начало неоконченной пьесы,1910
Nachala_romana_vremen_Petra_I,Начало романа времен Петра I,
Nachalo_stati_o_shkolah_Krapivenskogo_zemstva,Начало статьи о школах Крапивенского земства,1875
Nachalo_fantasticheskogo_rasskaza_V_ijule_mesjatse_1855_goda,Начало фантастического рассказа,1856
Nashe_zhizneponimanie,Наше жизнепонимание,1907
Ne_mogu_molchat,Не могу молчать,1908
Ne_ubij,Не убий,1900
Ne_ubij_nikogo,Не убий никого,1907
Ne_ubij_Ne_ubij_No_kak_mozhno_ne_ubivat,Не убий,1913
Nedelanie,Неделание,1893
Neizbezhnyj_perevorot,Неизбежный переворот,1909
Neskolko_slov_po_povodu_knigi_Vojna_i_mir,Несколько слов по поводу книги «Война и мир»,
Net_v_mire_vinovatyh,Нет в мире виноватых,
Net_huda_bez_dobra,Нет худа без добра,1909
Neuzheli_eto_tak_nado,Неужели это так надо?,1900
Nechajanno_On_vernulsja_v_shestom_chasu,Нечаянно,1910
Nikolaj_Palkin,Николай Палкин,1886
Novyj_sud_v_ego_prilozhenii,Новый суд в его приложении,1872
Nomer_gazety,Номер газеты,1909
O_Vehah_Vchera_ja_prochel_v_gazete,О «Вехах»,1909
O_Gogole_Vse_my_ljudi_prozhivshie_zhizn,О Гоголе,1888
O_Gogole_Gogol_ogromnyj_talant,О Гоголе,1909
O_gosudarstve_V_pervyj_raz_jasno_ponjal,О Государстве,1909
O_T_M_Bondareve_Dlja_slovarja_S_A_Vengerova,О Т. М. Бондареве. Для словаря С. А. Венгерова,1895
O_Shekspire_i_o_drame,О Шекспире и о драме,
O_bezumii,О безумии,1910
O_blagotvoritelnosti_Izdatel_Detskoj_pomoschi_imeja_v_vidu,О благотворительности,1885
O_brake_i_prizvanii_zhenschiny_Vsja_nerazreshimaja_slozhnost,О браке и призвании женщины,1868
O_buduschej_zhizni_vne_vremeni_i_prostranstva,О будущей жизни вне времени и пространства,1875
O_verah_30_ijulja_1886_V_kalendarjah,О верах,1886
O_veroterpimosti,О веротерпимости,1901
O_voenno_ugolovnom_zakonodatelstve_Ja_hochu_rassmotret,О военно-уголовном законодательстве,1856
O_vospitanii,О воспитании,1909
O_golode,О голоде,1891
O_dushe_i_zhizni_ee_vne_izvestnoj_i_ponjatnoj_nam_zhizni,О душе и жизни ее вне известной и понятной нам жизни,1875
O_zhizni,О жизни,1887
O_zadachah_pedagogii_Obrazovanie_blago,О задачах педагогики,1862
O_znachenii_narodnogo_obrazovanija,О значении народного образования,1862
O_znachenii_opisanij_shkol_i_narodnyh_knig,О значении описания школ и народных книг,1862
O_znachenii_russkoj_revoljutsii,О значении русской революции,1906
O_znachenii_hristianskoj_religii,О значении христианской религии,
O_metodah_obuchenija_gramote,О методах обучения грамоте,1862
O_molitve,О молитве,1852
O_narodnom_obrazovanii_1860_1861,О народном образовании,1862
O_narodnom_obrazovanii_1874,О народном образовании,1874
O_nasilii_Vo_vse_vremena,О насилии,1863
O_nauke_i_iskusstve,О науке и искусстве,1891
O_nauke_Otvet_krestjaninu,О науке,1909
O_perepisi_v_Moskve,О переписи в Москве,1882
O_prekraschenii_izdanija_pedagogicheskogo_zhurnala_Jasnaja_Poljana,О прекращении издания педагогического журнала «Ясная поляна»,1863
O_prisoedinenii_Bosnii_i_Gertsegoviny_k_Avstrii,О присоединении Боснии и Герцеговины к Австрии,1908
O_progresse_i_obrazovanii_Ja_ne_stoju_za_prezhnee,О прогрессе и образовании,1862
O_religii,О религии,1865
O_rugatelnyh_pismah_V_poslednee_vremja_ja_vse_chasche,О ругательных письмах,1909
O_svobodnom_vozniknovenii_i_razvitii_shkol_v_narode,О свободном возникновении и развитии школ в народе,1862
O_soznanii_duhovnogo_nachala,О сознании духовного начала,1903
O_soske_Vstavka_v_broshjuru_doktora_E_A_Pokrovskogo,О соске,1889
O_sotsializme,О социализме,1910
O_sredstvah_pomoschi_naseleniju_postradavshemu_ot_neurozhaja,"О средствах помощи населению, пострадавшему от неурожая",1891
O_sude_Da_chto_zhe_est_u_vas,О суде,1891
O_tom_chto_est_i_chto_ne_est_iskusstvo,"О том, что есть и что не есть искусство, и о том, когда искусство есть дело важное и когда оно есть дело пустое",1889
O_tom_chto_nazyvajut_iskusstvom,"О том, что называют искусством",1896
O_haraktere_myshlenija_v_molodosti_i_v_starosti,О характере мышления в молодости и в старости,1863
O_tsarstvovanii_imperatora_Aleksandra_II,О царствовании императора Александра ІІ-го,1877
O_tseli_filosofii,О цели философии,1847
O_jazyke_narodnyh_knizhe_Est_v_otnoshenii_knizhek,О языке народных книжек,1862
Oazis,Оазис,1869
Ob_izdanii_novogo_zhurnala,Об издании нового журнала,1861
Ob_iskusstve_Proizvedenie,Об искусстве,1889
Ob_iskusstve,Об искусстве,1889
Ob_obschestvennoj_dejatelnosti_na_poprische_narodnogo_obrazovanija,Об общественной деятельности на поприще народного образования,1862
Ob_obschestvennom_dvizhenii_v_Rossii,Об общественном движении в России,1905
Ob_otnoshenijah_mezhdu_polami,Об отношениях между полами,1890
Obraschenie_k_kitajskomu_narodu,Обращение к китайскому народу,1900
Obraschenie_k_russkim_ljudjam_K_pravitelstvu_revoljutsioneram_i_narodu,"Обращение к русским людям. К правительству, революционерам и народу",1906
Obschestvo_nezavisimyh,Общество независимых,1860
Odumajtes,Одумайтесь!,1904
Okonchanie_malorossijskoj_legendy_Sorok_let_izdannoj_Kostomarovym_v_1881_g,"Окончание «Малороссийской легенды» «Сорок лет», изданной Костомаровым в 1881 г.",1886
Opravdannaja_Tekst_k_kartine_V_E_Makovskogo,Оправданная,1888
Opredelenie_religii_very,Определение религии-веры,
Osnovnye_nachala_muzyki_i_pravila_k_izucheniju_onoj_Tri_otryvka_o_muzyke_,Основные начала музыки и правила к изучению оной,1850
Ot_nej_vse_kachestva,От ней все качества,1910
Otvet_kritikam_Nekotorye_numera_poslednih_zhurnalov,Ответ критикам,1862
Otvet_na_opredelenie_Sinoda_ot_20_22_fevralja,Ответ на определение Синода от 20—22 февраля и на полученные мною по этому случаю письма,1901
Otvet_polskoj_zhenschine,Ответ польской женщине,1909
Otets_Vasilij,Отец Василий,1906
Otets_Sergij,Отец Сергий,
Otnoshenie_k_ministru_vnutrennih_del_S_S_Lanskomu_po_povodu_proekta_osvobozhdenija_krestjan,Отношение к министру внутренних дел С. С. Ланскому по поводу проекта освобождения крестьян,1856
Otrochestvo,Отрочество,1854
Otryvki_rasskazov_iz_derevenskoy_zhizni,Отрывки рассказов из деревенской жизни,1862
Otryvok_dnevnika_1857_g_Putevye_zapiski_po_Shvejtsarii,Отрывок дневника 1857 года,1857
Otryvok_zapiski_o_narodnyh_shkolah_Krapivenskogo_uezda,Отрывок записки о народных школах Крапивенского уезда,1875
Otryvok_iz_dnevnika_shtabs_kapitana_A_pehotnogo_L_L_polka,Отрывок из дневника штабс-капитана А. пехотного Л. Л. полка,1855
Otryvok_ob_ugolovnom_prave,Отрывок об уголовном праве,1847
Otchet_ob_upotreblenii_pozhertvovannyh_deneg_s_1_janvarja_1893_g,Отчет об употреблении пожертвованных денег с 1 января 1893 г.,1893
Otchet_ob_upotreblenii_pozhertvovannyh_deneg_s_12_aprelja_po_20_ijulja_1892_g,Отчет об употреблении пожертвованных денег с 12 апреля по 20 июля 1892 г.,1892
Otchet_ob_upotreblenii_pozhertvovannyh_deneg_s_20_go_ijulja_1892_g_po_1_e_janvarja_1893_g,Отчет об употреблении пожертвованных денег с 20-го июля 1892 г. по 1-е января 1893 г.,
Otchet_s_3_dekabrja_1891_g_po_12_aprelja_1892_g,Отчет с 3 декабря 1891 г. по 12 апреля 1892 г.,
Otezzhee_pole,Отъезжее поле,1857
Ofitserskaja_pamjatka,Офицерская памятка,1901
Pamjati_I_I_Raevskogo,Памяти И. И. Раевского,1891
Patriotizm_i_pravitelstvo,Патриотизм и правительство,1900
Patriotizm_ili_mir,Патриотизм или мир?,1895
Pedagogicheskie_zametki_i_materialy,Педагогические заметки и материалы,1860
Pervaja_stupen,Первая ступень,1891
Pervoe_znakomstvo_s_Ernestom_Krosbi,Первое знакомство с Эрнестом Кросби,1907
Pervyj_vinokur_ili_Kak_chertenok_krajushku_zasluzhil,"Первый винокур, или как чертенок краюшку заслужил",1886
Perevody_izrechenij_Krishny,Переводы изречений Кришны,1907
Pesni_na_derevne,Песни на деревне,1909
Pesnja_pro_srazhenie_na_r_Chernoj_4_avgusta_1855_g,Песня про сражение на р. Черной 4 августа 1855 г.,1855
Petr_Hlebnik,Петр Хлебник,
Pismo_v_Rus_s_rugatelnymi_pismami,Письмо в «Русь» с ругательными письмами,1909
Pismo_v_inoctrannye_gazety_Dorogoj_drug_V_nastojaschuju_minutu_na_Kavkaze,Письмо в иностранные газеты по поводу гонений на кавказских духоборов,1895
Pismo_v_redaktsiju_Na_dnjah_priehali_k_nam_molodye_ljudi_iz_Harkova,Письмо в редакцию.,1898
Pismo_k_N_A_Aleksandrovu,Письмо к Н. А. Александрову,1882
Pismo_k_izdateljam_O_metodah_obuchenija_gramote,Письмо к издателям,1873
Pismo_k_izdateljam_O_Samarskom_golode,Письмо к издателям,1873
Pismo_k_kitajtsu,Письмо к китайцу,1906
Pismo_k_krestjaninu_o_zemle,Письмо к крестьянину о земле (О проекте Генри Джорджа),1894
Pismo_k_neizvestnomu_o_nemetskih_shkolah,Письмо к неизвестному о немецких школах,1861
Pismo_k_feldfebelju,Письмо к фельдфебелю,1899
Pismo_revoljutsioneru,Письмо революционеру,1909
Pismo_studentu_o_prave,Письмо студенту о праве,1909
Plody_prosveschenija,Плоды просвещения,
Po_povodu_dela_Skublinskoj,По поводу дела Скублинской,1890
Po_povodu_zakljuchenija_V_A_Molochnikova,По поводу заключения В. А. Молочникова,1908
Po_povodu_Kongressa_o_mire_Pismo_k_shvedam,По поводу конгресса о мире. Письмо к шведам,1899
Po_povodu_peredovoj_stati_Jasnoj_Poljany,По поводу передовой статьи «Ясной поляны»,1862
Po_povodu_priezda_syna_Genri_Dzhordzha,По поводу приезда сына Генри Джорджа,1909
Po_povodu_stati_P_Struve,По поводу статьи П. Струве,1909
Polikushka,Поликушка,1862
Ponjatie_zhizni_Referat_L_N_Tolstogo_v_Moskovskom_Psihologicheskom_Obschestve,Понятие жизни,1887
Pora_opomnitsja,Пора опомниться!,1888
Pora_ponjat,Пора понять,1909
Posle_bala,После бала,1903
Posleslovie_k_Krejtserovoj_sonate,Послесловие к «Крейцеровой сонате»,
Posleslovie_k_vozzvaniju_Pomogite,Послесловие к воззванию «Помогите!»,1896
Posleslovie_k_knige_E_I_Popova_Zhizn_i_smert_Evdokima_Nikiticha_Drozhzhina_1866_1894,Послесловие к книге Е. И. Попова «Жизнь и смерть Евдокима Никитича Дрожжина. 1866—1894»,
Posleslovie_k_state_P_I_Birjukova_Gonenie_na_hristian_v_Rossii_v_1895_g,Послесловие к статье П. И. Бирюкова «Гонение на христиан в России в 1895 г.»,1895
Posmertnye_zapiski_startsa_Fedora_Kuzmicha,Посмертные записки старца Федора Кузмича,1905
Pochemu_hristianskie_narody_voobsche_i_v_osobennosti_russkij_nahodjatsja_teper_v_bedstvennom_polozhenii,Почему христианские народы вообще и в особенности русский находятся теперь в бедственном положении,1907
Pravila_dlja_pedagogicheskih_kursov,Правила для педагогических курсов,1874
Prazdnik_prosveschenija_12_go_janvarja,Праздник просвещения 12 января,1889
Prakticheskij_chelovek,Практический человек,1856
Predislovie_k_The_Anatomy_of_misery_Dzhona_Ken_vorti,Предисловие к «The Anatomy of Misery» Джона Кенворти,1900
Predislovie_k_Krestjanskim_rasskazam_S_T_Semenova,Предисловие к «Крестьянским рассказам» С. Т. Семенова,1894
Predislovie_k_Soldatskoj_pamjatke_i_Ofitserskoj_pamjatke,Предисловие к «Солдатской памятке» и «Офицерской памятке»,1901
Predislovie_k_albomu_Russkie_muzhiki_N_Orlov,Предисловие к альбому «Русские мужики» Н. Орлова,1909
Predislovie_k_anglijskoj_biografii_Garrisona,"Предисловие к английской биографии Гаррисона, составленной В. Г. Чертковым и Ф. Хола",1904
Chto_takoe_iskusstvo,Предисловие к английскому изданию трактата «Что такое искусство?»,1898
Predislovie_k_anglijskomu_izdaniju_Chto_takoe_iskusstvo,Предисловие к английскому изданию трактата «Что такое искусство?»,1898
Predislovie_k_dnevniku_Amielja,Предисловие к дневнику Амиеля,1893
Predislovie_k_istorii_Matveja,Предисловие к истории Матвея,1862
Predislovie_k_knige_Japanese_notions_of_european_political_economy,Предисловие к книге «Japanese notions of European political economy»,1900
Predislovie_k_knige_A_I_Ershova_Sevastopolskie_vospominanija_artillerijskogo_ofitsera,Предисловие к книге А. И. Ершова «Севастопольские воспоминания артиллерийского офицера»,1889
Predislovie_k_knige_d_ra_meditsiny_Alisy_Stokgem_Tokologija,"Предисловие к книге д-ра медицины Алисы Стокгэм «Токология, или наука о рождении детей»",1890
Predislovie_k_knizhke_Zhizn_i_izrechenija_Krishny,Предисловие к книжке «Жизнь и изречения Кришны»,1907
Predislovie_k_pismu_T_L_Suhotinoj_v_redaktsiju_Golos_Moskvy,Предисловие к письму т. Л. Сухотиной в редакцию «Голос Москвы»,1907
Predislovie_k_rasskazu_Ubijtsy,Предисловие к рассказу «Убийцы»,1908
Predislovie_k_rasskazu_V_S_Morozova_Za_odno_slovo,Предисловие к рассказу В. С. Морозова «За одно слово»,1908
Predislovie_k_romanu_A_I_Ertelja_Gardeniny,Предисловие к роману А. И. Эртеля «Гарденины»,1908
Predislovie_k_romanu_V_fon_Polentsa_Krestjanin,Предисловие к роману В. фон-Поленца «Крестьянин»,1901
Predislovie_k_russkomu_perevodu_knigi_Genri_Dzhordzha,Предисловие к русскому переводу книги Генри Джорджа «Общественные задачи»,1906
Predislovie_k_sborniku_Izbrannye_mysli_Labrjujera,"Предисловие к сборнику «Избранные мысли Лабрюйера, с прибавлением избранных афоризмов и максим Ларошфуко, Вовенарга и Монтескье»",1907
Predislovie_k_sborniku_Tsvetnik,Предисловие к сборнику «Цветник»,1886
Predislovie_k_sborniku_myslej_Dzhona_Reskina,Предисловие к сборнику мыслей Джона Рёскина «Воспитание. Книга. Женщина»,1898
Predislovie_k_sochinenijam_Gjui_de_Mopassana,Предисловие к сочинениям Гюи де Мопассана,
Predislovie_k_state_V_G_Chertkova_Zlaja_zabava,Предисловие к статье В. Г. Черткова «Злая забава»,1890
Predislovie_k_state_V_G_Chertkova_O_revoljutsii,Предисловие к статье В. Г. Черткова «О революции»,1904
Predislovie_k_state_Eduarda_Karpentera_Sovremennaja_nauka,Предисловие к статье Эдуарда Карпентера «Современная наука»,
Predlozhenie_krepostnym_muzhikam_i_dvorovym_seltsa_Jasnoj_Poljany,"Предложение крепостным мужикам и дворовым сельца Ясной Поляны Тульской губ., Крапивенского уезда",1856
Prenija_o_vere_v_Kremle_Ja_davno_znal_chto_na_svjatoj_nedele,Прения о вере в Кремле,1878
Priblizhenie_kontsa,Приближение конца,1896
Progress,Прогресс,1868
Progress_i_opredelenie_obrazovanija,Прогресс и определение образования,1862
Proezzhij_i_krestjanin,Проезжий и крестьянин,1909
Proekt_zhurnala_Soldatskij_vestnik,Проект журнала «Солдатский вестник»,1854
Proekt_muzykalnogo_obschestva,Проект музыкального общества,1857
Proekt_o_pereformirovanii_batarej_v_6_orudijnyj_sostav,Проект о переформировании батарей в 6-орудийный состав и усилении оных артиллерийскими стрелками,1855
Proekt_obschego_plana_ustrojstva_narodnyh_uchilisch,Проект общего плана устройства народных училищ,1862
Proekt_po_lesnomu_hozjajstvu,Проект по лесному хозяйству,1857
Proekt_uslovija_s_krestjanami_Jasnoj_Poljany_i_Gretsovki,Проект условия с крестьянами Ясной Поляны и Грецовки,1856
Proekt_ustava_uchebnyh_zavedenij,Проект устава учебных заведений,1872
Proizvedenija_napisannye_dlja_Pochtovogo_jaschika,"Произведения, написанные для «Почтового ящика»",1882
Proshenie_L_N_Tolstogo_ministru_narodnogo_prosveschenija,Прошение Л. Н. Толстого министру народного просвещения о разрешении издания журнала «Ясная поляна»,1862
Psihologija_obydennoj_zhizni,Психология обыденной жизни,
Put_zhizni,Путь жизни,
Rabotnik_Emeljan_i_pustoj_baraban,Работник Емельян,1886
Rabstvo_nashego_vremeni,Рабство нашего времени,1900
Razgovor_o_nauke_4_ijunja_Nik_Nikolaevich_byl_pozvan_k_sosedu,Разговор о науке,
Razgovor_ottsa_s_synom,Разговор отца с сыном,1909
Razgovor_s_prohozhim,Разговор с прохожим,1909
Razrushenie_ada_i_vosstanovlenie_ego,Разрушение ада и восстановление его,1902
Rasskazy_dedushki,Рассказы дедушки,
Redaktoru_zhurnala_Zhizn_dlja_vseh_V_A_Posse,Редактору журнала «Жизнь для всех» В. А. Поссе,1910
Redaktsionnye_zametki_i_primechanija_k_zhurnalu_Jasnaja_Poljana,Редакционные заметки и примечания к журналу «Ясная поляна» и к книжкам «Ясной поляны»,1862
Religija_i_nauka,Религия и наука,1908
Religija_i_nravstvennost,Религия и нравственность,1893
Rech_v_Obschestve_ljubitelej_rossijskoj_slovesnosti,Речь в Обществе любителей российской словесности,1859
Rech_L_N_Tolstogo_v_zaschitu_rjadovogo_Vasilija_Shibunina,Речь в защиту рядового Василия Шибунина,1866
Rech_o_narodnyh_izdanijah,Речь о народных изданиях,1883
Rozhdestvenskaja_elka_Ona_vzjala_Verochku,Рождественская елка,1869
Rozhenitsa_Eto_bylo_7_nojabrja_1897_goda,Роженица,1908
Roman_russkogo_pomeschika,Роман русского помещика,1854
Rubka_lesa,Рубка леса,1854
Santimentalnoe_puteshestvie_cherez_Frantsiju_i_Italiju_Perevod_Sterna,Сантиментальное путешествие через Францию и Италию,1851
Svetloe_Hristovo_voskresene,Светлое христово воскресенье,1858
Svechka,Свечка,1885
Svobodnaja_ljubov,Свободная любовь,1856
Svjatochnaja_noch,Святочная ночь,1853
Sevastopol_v_avguste_1855_g,Севастополь в августе 1855 г.,1855
Sevastopol_v_dekabre_mesjatse,Севастополь в декабре месяце,1855
Sevastopol_v_mae,Севастополь в мае,1855
Selskoj_uchitel,Сельской учитель,1860
Semejnoe_schastie,Семейное счастье,
Siddarta_prozvannyj_Buddoj_t_e_svjatym_Zhizn_i_uchenie_ego,"Сиддарта, прозванный Буддой, т. е. святым",1886
Skazka_o_tom_kak_drugaja_devochka_Varinka_skoro_vyrosla_bolshaja,"Сказка о том, как другая девочка Варенька скоро выросла большая",
Skazka_ob_Ivane_durake_i_ego_dvuh_bratjah,"Сказка об Иване Дураке и его двух братьях: Семене-воине и Тарасе-брюхане и немой сестре Маланье, и о старом дьяволе и трех чертенятах",1885
Skazka_i_ja_poterjal_soznanie,Сказка,1873
Slavjanskomu_sezdu_v_Sofii,Славянскому съезду в Софии,1910
Smertnaja_kazn_i_hristianstvo,Смертная казнь и христианство,1909
Smert_Ivana_Ilicha,Смерть Ивана Ильича,1886
Sobesedniki,Собеседники,
Soglasie_protiv_pjanstva,Согласие против пьянства,1887
Soedinenie_i_perevod_chetyreh_Evangelij,Соединение и перевод четырех Евангелий,
Soldatskaja_pamjatka,Солдатская памятка,1901
Soldatskie_razgovory,Солдатские разговоры,1855
Son_molodogo_tsarja,Сон молодого царя,1894
Son_Ja_vo_sne_stojal,Сон,1868
Son_Na_dnjah_ja_videl_takoj,Сон,1910
Starik_v_tserkvi,Старик в церкви,1907
Stepan_Semenych_Prozorov,Степан Семеныч Прозоров,1869
Nachala_romana_Sto_let,Сто лет,
Stradanija_gospoda_nashego_Iisusa_Hrista,Страдания Господа нашего Иисуса Христа,1885
Stradanija_svjatogo_muchenika_Feodora_v_Pergii_Pamfilijskoj,"Страдания святого мученика Феодора, в Пергии Памфилийской",1885
Stradanie_svjatyh_Petra_Dionisija_Andreja_Pavla_i_Hristiny,"Страдания святых Петра, Дионисия, Андрея, Павла и Христины",1885
Strashnyj_vopros,Страшный вопрос,1891
Studencheskoe_dvizhenie_1899_goda,Студенческое движение 1899 года,1899
Stydno,Стыдно,1895
Suratskaja_kofejnaja_Po_Bernarden_de_Sen_Peru,Суратская кофейная,
Tak_chto_zhe_nam_delat,Так что же нам делать?,1882
Techenie_vody,Течение воды,1886
Tihon_i_Malanja,Тихон и Маланья,1862
Tri_voprosa,Три вопроса,1903
Tri_dnja_v_derevne,Три дня в деревне,1910
Tri_nepravdy,Три неправды,1905
Tri_pritchi,Три притчи,
Tri_smerti,Три смерти,
Tri_startsa,Три старца,1885
Tri_syna,Три сына,1887
Trud_smert_i_bolezn,"Труд, смерть и болезнь",1903
Trudoljubie_ili_Torzhestvo_zemledeltsa,"Трудолюбие, или торжество земледельца",1885
Truzhdajuschiesja_i_obremenennye,Труждающиеся и обремененные,1879
Ubijtsa_zheny,Убийца жены,1869
Upustit_ogon_ne_potushish,Упустишь огонь — не потушишь,1885
Utro_pomeschika,Утро помещика,1856
Uchenie_12_ti_apostolov,Учение 12-ти апостолов,1885
Uchenie_Lao_Tze,Учение Лао-Тзе,1909
Uchenie_Hrista_izlozhennoe_dlja_detej,"Учение Христа, изложенное для детей",
Uchenicheskie_sochinenija,Ученические сочинения,
Falshivyj_kupon,Фальшивый купон,
Fedotka_Zhil_v_derevne_v_bednoj_seme_malchik,Федотка.,1907
Filosoficheskie_zamechanija_na_rechi_Zh_Zh_Russo,Философические замечания на речи Ж. Ж. Руссо,1847
Filosofskij_otryvok_6_D_1868_g_Ne_cogito_ergo_sum,Философский отрывок,1868
Fransuaza_Rasskaz_po_Mopassanu_Sestry,Франсуаза,1890
Hadzhi_Murat,Хаджи-Мурат,
Hodite_v_svete_poka_est_svet,"Ходите в свете, пока есть свет",1887
Hodynka,Ходынка,1910
Hozjain_i_rabotnik,Хозяин и работник,
Holstomer,Холстомер,1885
Hristianskij_katehizis,Христианский катехизис,1877
Hristianskoe_uchenie,Христианское учение,
Hristianstvo_i_patriotizm,Христианство и патриотизм,
Tsarskoe_novoe_plate_Po_G_Andersenu,Царское новое платье.,1907
Tsarstvo_bozhie,Царство божие,1886
Tsarstvo_bozhie_vnutri_vas,"Царство божие внутри вас, или Христианство не как мистическое учение, а как новое жизнепонимание",
Tsarju_i_ego_pomoschnikam,Царю и его помощникам,1901
Tserkov_i_gosudarstvo,Церковь и государство,1879
Chem_ljudi_zhivy,Чем люди живы,1885
Chernovoe_nachalo_neozaglavlennoj_pesy_Dom_Fasad_doma,Черновое начало неозаглавленной пьесы,1910
Chetyre_epohi_razvitija,Четыре эпохи развития,1852
Chto_zhe_delat,Что же делать?,1906
Chto_mozhno_i_chego_nelzja_delat_hristianinu,Что можно и чего нельзя делать христианину,1886
Chto_nuzhnee_vsego_ljudjam,Что нужнее всего людям,1900
Chto_takoe_religija_i_v_nem_suschnost_ee,Что такое религия и в чем сущность ее?,
Chto_ja_videl_vo_sne,Что я видел во сне,1906
Chi_my,Чьи мы?,1886
Shut_Palechek_Pererabotka_rasskaza_A_Shkarvana,Шут Палечек,1907
Shutochnye_stseny_dlja_detskogo_spektaklja_Marja_Lukinishna_vjazhet_chulok,Шуточные сцены для детского спектакля,
Epitafija_A_I_Osten_Saken,Эпитафия А. И. Остен-Сакен,1841
Eto_ty,Это ты,1903
Junost,Юность,1857
Jasnopoljanskaja_shkola_za_nojabr_i_dekabr_mesjatsy,Ясно-полянская школа за ноябрь и декабрь месяцы,1862
makovitski-diaries,Душан Петрович Маковицкий \nЯснополянские записки,
tolstaya-s-a-letters,Софья Андреевна Толстая \nПисьма к Л. Н. Толстому,
tolstaya-s-a-diaries,Софья Андреевна Толстая \nДневники,
tolstaya-s-a-journals,Софья Андреевна Толстая \nЕжедневник,
goldenweiser-diaries,Александр Борисович Гольденвейзер \nВблизи Толстого. (Записки за пятнадцать лет),
